,pp_total_raw,week,pct_access,engagement_index
0,"[10000, 12000[",1,0.3512228006941663,60.10368270042194
1,"[10000, 12000[",2,1.0660259682610143,138.5995326284177
2,"[10000, 12000[",3,1.0664716853170566,142.72833869239014
3,"[10000, 12000[",4,0.9473166871812907,127.84510865191147
4,"[10000, 12000[",5,1.067360420121614,149.81444216545466
5,"[10000, 12000[",6,1.0213154172560113,140.7192623388965
6,"[10000, 12000[",7,1.0362672480123107,216.92734914785814
7,"[10000, 12000[",8,0.973591512490854,264.26034794504255
8,"[10000, 12000[",9,1.024757738263242,271.31097830756016
9,"[10000, 12000[",10,1.0701061758980712,279.65628705929487
10,"[10000, 12000[",11,1.0373858101882323,280.5254303371351
11,"[10000, 12000[",12,0.6079441768206291,236.05114340633736
12,"[10000, 12000[",13,0.6725447934463574,243.08271839362692
13,"[10000, 12000[",14,1.0357219405630436,347.0693150014679
14,"[10000, 12000[",15,0.888450841452613,342.0675911201238
15,"[10000, 12000[",16,0.899535996581927,284.6076445220249
16,"[10000, 12000[",17,0.8948049883848882,291.8002222114169
17,"[10000, 12000[",18,0.8536065982465617,267.38754631454475
18,"[10000, 12000[",19,0.8161157589209492,252.319544166751
19,"[10000, 12000[",20,0.7638142677697406,234.31399102213507
20,"[10000, 12000[",21,0.5464563344429215,158.0397848888889
21,"[10000, 12000[",22,0.34339683255368314,100.03299472107291
22,"[10000, 12000[",23,0.2435024899217453,65.35937582897714
23,"[10000, 12000[",24,0.12068976963420301,39.05952407614782
24,"[10000, 12000[",25,0.11192907001339632,43.896139515628235
25,"[10000, 12000[",26,0.13637138830162085,57.67170284156444
26,"[10000, 12000[",27,0.11452391629297458,47.34604700144108
27,"[10000, 12000[",28,0.11571250432975407,48.41775191292165
28,"[10000, 12000[",29,0.11099086197490453,45.7908660322891
29,"[10000, 12000[",30,0.09823584589614741,43.37799480575695
30,"[10000, 12000[",31,0.09028793569216577,41.362034517092596
31,"[10000, 12000[",32,0.071364987122763,35.81971870604782
32,"[10000, 12000[",33,0.07562026426200763,37.699091218515996
33,"[10000, 12000[",34,0.21665636324877427,75.38663583620617
34,"[10000, 12000[",35,0.608741211158993,235.08209251804996
35,"[10000, 12000[",36,0.827400729770337,306.70186900610287
36,"[10000, 12000[",37,0.940217758898008,273.0407477889297
37,"[10000, 12000[",38,1.105851407839735,304.86336436108934
38,"[10000, 12000[",39,1.0935153583617747,317.50116478677035
39,"[10000, 12000[",40,1.014197602699872,298.27778839527724
40,"[10000, 12000[",41,0.9770762430074718,280.5431255206887
41,"[10000, 12000[",42,0.8947147453503885,270.91422182468693
42,"[10000, 12000[",43,0.8794878340646191,252.8693449178767
43,"[10000, 12000[",44,0.9738609886649874,272.6185201584712
44,"[10000, 12000[",45,0.8357578976356269,237.1838445259594
45,"[10000, 12000[",46,0.9908595395870838,273.46899141048823
46,"[10000, 12000[",47,1.0105369694641828,267.53124553066306
47,"[10000, 12000[",48,0.5131003157639058,160.1071092629768
48,"[10000, 12000[",49,0.9941195181106118,280.73223958569935
49,"[10000, 12000[",50,1.0268513465417013,295.65272898032197
50,"[10000, 12000[",51,0.9750955361213579,301.03306083650193
51,"[10000, 12000[",52,0.3250777375686906,105.80747002766677
52,"[10000, 12000[",53,0.12113120608224859,49.78764177428411
53,"[12000, 14000[",1,0.15665973620947307,21.501479341736694
54,"[12000, 14000[",2,1.0059924259300512,128.12705284912903
55,"[12000, 14000[",3,1.0566406174626146,135.5714216086773
56,"[12000, 14000[",4,0.9393436439079592,122.21733029396964
57,"[12000, 14000[",5,1.0579274894344461,136.7104357950765
58,"[12000, 14000[",6,0.9918700625212039,127.9995652792398
59,"[12000, 14000[",7,0.9825080615384615,197.0543642779276
60,"[12000, 14000[",8,0.9416158289552785,238.17835929547485
61,"[12000, 14000[",9,1.0078671266414423,250.66988935639708
62,"[12000, 14000[",10,1.0062850967158516,253.6256442472884
63,"[12000, 14000[",11,0.9952518656716418,250.70541631602396
64,"[12000, 14000[",12,0.5959937655009215,231.993101687389
65,"[12000, 14000[",13,0.46791511889138515,173.86545621891915
66,"[12000, 14000[",14,0.6644134951477388,218.83278318797153
67,"[12000, 14000[",15,0.7649129326820981,278.72827116819195
68,"[12000, 14000[",16,0.805562224325794,246.74830246466985
69,"[12000, 14000[",17,0.8085145574534162,251.17403049698794
70,"[12000, 14000[",18,0.7842277167872395,240.97489954664755
71,"[12000, 14000[",19,0.7411802025456122,225.99720618058907
72,"[12000, 14000[",20,0.7202262639812202,216.8026716655415
73,"[12000, 14000[",21,0.5481972171808832,154.74564345254103
74,"[12000, 14000[",22,0.3179413995348367,92.36876554674804
75,"[12000, 14000[",23,0.22335642525943916,65.4215400171113
76,"[12000, 14000[",24,0.16409733219636985,52.59081798789778
77,"[12000, 14000[",25,0.1503852494868948,54.75613035399495
78,"[12000, 14000[",26,0.13012665777840152,54.204957491218245
79,"[12000, 14000[",27,0.11783217048384649,48.56249944726951
80,"[12000, 14000[",28,0.1131992905747792,48.72212221924417
81,"[12000, 14000[",29,0.10403472859462129,44.901059077421095
82,"[12000, 14000[",30,0.09862797017629434,45.10540593395541
83,"[12000, 14000[",31,0.08817629279190485,43.69591415924245
84,"[12000, 14000[",32,0.08466547565877625,40.856017861833465
85,"[12000, 14000[",33,0.19206060606060604,81.90539748399912
86,"[12000, 14000[",34,0.4948695809004216,191.3905129750544
87,"[12000, 14000[",35,0.824666626220955,298.21585253205825
88,"[12000, 14000[",36,1.0354406400753031,341.7129539903787
89,"[12000, 14000[",37,0.9173197286889893,277.70945252163676
90,"[12000, 14000[",38,1.0986762750727375,319.1855388682247
91,"[12000, 14000[",39,1.0918666433797133,338.132505937963
92,"[12000, 14000[",40,1.0885978197391473,334.0345342128907
93,"[12000, 14000[",41,1.0389411037562803,314.3829017107537
94,"[12000, 14000[",42,0.9621188331542848,304.36268458581975
95,"[12000, 14000[",43,1.013769196117777,306.19083863749375
96,"[12000, 14000[",44,1.0070948714764683,300.66635399120054
97,"[12000, 14000[",45,0.9335286021146587,277.5377324918257
98,"[12000, 14000[",46,0.9904296714156304,285.7390969234213
99,"[12000, 14000[",47,1.0669307194909166,294.8465952563122
100,"[12000, 14000[",48,0.40131048549421644,138.83938504007716
101,"[12000, 14000[",49,1.0280846388606308,308.0869024354316
102,"[12000, 14000[",50,1.0466380023819617,324.4639734971224
103,"[12000, 14000[",51,1.0010238485965772,325.3681942340705
104,"[12000, 14000[",52,0.21991343565868918,81.15465734080578
105,"[12000, 14000[",53,0.13112649050272634,54.17385996131528
106,"[14000, 16000[",1,0.546609718526817,96.119382275629
107,"[14000, 16000[",2,1.0744223611208652,178.1471745249824
108,"[14000, 16000[",3,1.057427275345622,175.45567230310155
109,"[14000, 16000[",4,0.9216690637135049,155.81218324655157
110,"[14000, 16000[",5,1.0318468788328707,169.5263609107852
111,"[14000, 16000[",6,1.0060155797334707,161.2415094949495
112,"[14000, 16000[",7,1.0392960856473739,267.61275561515254
113,"[14000, 16000[",8,0.5331038154392191,141.84319575875043
114,"[14000, 16000[",9,1.0149533654131764,308.7062143328688
115,"[14000, 16000[",10,1.0769615186688775,325.90065829181
116,"[14000, 16000[",11,0.9678892045454545,293.4120567426065
117,"[14000, 16000[",12,0.5655621580278873,229.00667406443714
118,"[14000, 16000[",13,0.5245206438068579,203.79317001580492
119,"[14000, 16000[",14,0.6138167046908909,224.57487622874362
120,"[14000, 16000[",15,0.9092516425404625,364.81448951048947
121,"[14000, 16000[",16,0.9003341616877281,314.9814734042553
122,"[14000, 16000[",17,0.8419918098054828,296.81897247442
123,"[14000, 16000[",18,0.8876928254894262,310.9151539057548
124,"[14000, 16000[",19,0.8900168048397938,311.6556344432009
125,"[14000, 16000[",20,0.7978007805871372,261.4768299223712
126,"[14000, 16000[",21,0.7585533411488863,249.60488911810214
127,"[14000, 16000[",22,0.6202793465719317,200.0854320508843
128,"[14000, 16000[",23,0.6866642525197658,216.10245107743853
129,"[14000, 16000[",24,0.5218910194331461,162.95918679682327
130,"[14000, 16000[",25,0.33200724466493425,102.12201415634433
131,"[14000, 16000[",26,0.16966020754890257,66.1073840541949
132,"[14000, 16000[",27,0.15857839313572544,66.14050365668552
133,"[14000, 16000[",28,0.17203888738860384,71.69484340191325
134,"[14000, 16000[",29,0.1708414766558089,74.97657734952482
135,"[14000, 16000[",30,0.16101974280021736,70.84020685023505
136,"[14000, 16000[",31,0.15055944668184207,76.32015399035888
137,"[14000, 16000[",32,0.12738609737047646,70.66697585227273
138,"[14000, 16000[",33,0.11428449161246149,63.33059329320722
139,"[14000, 16000[",34,0.32769477981412315,181.27649840521426
140,"[14000, 16000[",35,0.5215230444660824,292.66556031766044
141,"[14000, 16000[",36,0.7157758292032024,330.7151187756967
142,"[14000, 16000[",37,0.6540823265571872,279.28794874702345
143,"[14000, 16000[",38,1.1943106995884774,446.49596031746034
144,"[14000, 16000[",39,1.3023990178023328,527.3987529021559
145,"[14000, 16000[",40,1.2621293866341166,503.19243583455943
146,"[14000, 16000[",41,1.1762694752586313,477.76752102960967
147,"[14000, 16000[",42,1.120217986969494,463.8628436524881
148,"[14000, 16000[",43,1.2518248964150602,506.8922470285898
149,"[14000, 16000[",44,1.2208378672470075,496.14480993080997
150,"[14000, 16000[",45,1.1054863509749304,418.7908283762943
151,"[14000, 16000[",46,1.2003347865870069,437.35208362369343
152,"[14000, 16000[",47,1.2775946347153007,452.19955136496696
153,"[14000, 16000[",48,0.7438623237071861,301.8237665255336
154,"[14000, 16000[",49,1.2268772448763998,474.38718584070796
155,"[14000, 16000[",50,1.2478205601561263,486.10576178593107
156,"[14000, 16000[",51,1.214655870445344,509.4747333749393
157,"[14000, 16000[",52,0.6951013874066169,291.82614052748136
158,"[14000, 16000[",53,0.19540701415701417,87.08691602728048
159,"[16000, 18000[",1,0.7679096124247936,103.80888132130087
160,"[16000, 18000[",2,1.2112571641235579,160.85897934280484
161,"[16000, 18000[",3,1.2554239049740163,179.8173940278016
162,"[16000, 18000[",4,1.0517704498159117,156.83621922460145
163,"[16000, 18000[",5,1.2121650326797384,185.58563997096542
164,"[16000, 18000[",6,1.202902760474723,176.8567609432799
165,"[16000, 18000[",7,1.1997454444289886,280.08150004087304
166,"[16000, 18000[",8,0.6242208987547374,194.8365347593583
167,"[16000, 18000[",9,1.1025857924956601,325.85910024683494
168,"[16000, 18000[",10,1.1625679012345678,348.42217127444366
169,"[16000, 18000[",11,1.106545343137255,348.8136105747809
170,"[16000, 18000[",12,0.7386962906212092,350.3599375354912
171,"[16000, 18000[",13,0.6190317549441636,230.34998817500986
172,"[16000, 18000[",14,0.6833246027588615,236.73798515067696
173,"[16000, 18000[",15,0.9115485309248885,368.64289363484085
174,"[16000, 18000[",16,0.9312668315471284,334.3780584982344
175,"[16000, 18000[",17,0.7935545132135912,284.84097266823665
176,"[16000, 18000[",18,0.9313228329111135,327.0364934281116
177,"[16000, 18000[",19,0.9188004815584984,313.1076998206099
178,"[16000, 18000[",20,0.9110182767624022,303.0241651548747
179,"[16000, 18000[",21,0.879870900209351,290.8746458507963
180,"[16000, 18000[",22,0.7372060282808237,245.1883441754917
181,"[16000, 18000[",23,0.7065602701325179,241.5539491351394
182,"[16000, 18000[",24,0.6347631916762381,214.83800603722958
183,"[16000, 18000[",25,0.4612969113251411,144.40016395199314
184,"[16000, 18000[",26,0.1669765700224671,58.309357611753676
185,"[16000, 18000[",27,0.1346840627194009,52.043571179344035
186,"[16000, 18000[",28,0.14216307793201444,55.93628059001005
187,"[16000, 18000[",29,0.1391758995462699,55.01994585726005
188,"[16000, 18000[",30,0.13223776959495004,51.99931520644511
189,"[16000, 18000[",31,0.12752843846949327,54.600093411175976
190,"[16000, 18000[",32,0.12263698982214456,53.52221315655278
191,"[16000, 18000[",33,0.12140720666465923,55.04004931972789
192,"[16000, 18000[",34,0.17465094069334353,61.97926767275615
193,"[16000, 18000[",35,0.48660033607499775,237.20752626418266
194,"[16000, 18000[",36,0.5169917781718524,283.28691611735815
195,"[16000, 18000[",37,0.5858601094429634,247.43178975453577
196,"[16000, 18000[",38,1.2050046376811596,376.09702445358147
197,"[16000, 18000[",39,1.4434496418493596,493.6844662957692
198,"[16000, 18000[",40,1.3882347009182103,477.22494116906813
199,"[16000, 18000[",41,1.351010288966725,468.0278692962104
200,"[16000, 18000[",42,1.2086465156233221,405.09104985038516
201,"[16000, 18000[",43,1.3644669919036745,454.4258100456621
202,"[16000, 18000[",44,1.3472939609691135,444.2592822966507
203,"[16000, 18000[",45,1.1821942993907746,371.95902166944484
204,"[16000, 18000[",46,1.2121676891615543,379.66181432395376
205,"[16000, 18000[",47,1.3518817905258582,412.44450349381367
206,"[16000, 18000[",48,0.8355352112676057,307.0781027735239
207,"[16000, 18000[",49,1.276904490416463,430.67775552530946
208,"[16000, 18000[",50,1.3029718263896441,434.59398922178735
209,"[16000, 18000[",51,1.2549625060474119,470.54150292686364
210,"[16000, 18000[",52,0.9068086964961662,345.4009741505813
211,"[16000, 18000[",53,0.16485415759686547,66.22264579143925
212,"[18000, 20000[",1,0.569049323786794,72.86287018255578
213,"[18000, 20000[",2,1.200106780565937,147.93416875
214,"[18000, 20000[",3,1.3105731014904187,170.98189630536845
215,"[18000, 20000[",4,1.0955135563031861,138.10040835484628
216,"[18000, 20000[",5,1.2227898111245885,168.2017541049259
217,"[18000, 20000[",6,1.201548908372013,151.63108599111828
218,"[18000, 20000[",7,1.2459190647482015,244.78473597018015
219,"[18000, 20000[",8,0.8380449775112444,222.07795620437955
220,"[18000, 20000[",9,1.173343658578558,270.53205293998786
221,"[18000, 20000[",10,1.2148731043020737,289.25760447214077
222,"[18000, 20000[",11,1.1731223564954683,287.8218205081338
223,"[18000, 20000[",12,0.7990118168389956,321.8050842266463
224,"[18000, 20000[",13,1.004425068834404,409.73644666033556
225,"[18000, 20000[",14,0.8799302448012635,293.06899967989756
226,"[18000, 20000[",15,0.8539635290962724,300.9502801481243
227,"[18000, 20000[",16,1.0465439856373429,343.6801000454752
228,"[18000, 20000[",17,1.0074591836734694,345.82221063927636
229,"[18000, 20000[",18,1.137935523868568,372.278997037037
230,"[18000, 20000[",19,1.1198424803100389,364.6131482304161
231,"[18000, 20000[",20,1.0950447159591887,352.8151953125
232,"[18000, 20000[",21,0.9454943120260021,277.1070782889427
233,"[18000, 20000[",22,0.7509593764053365,212.7462292358804
234,"[18000, 20000[",23,0.7757243061909118,223.53345112781955
235,"[18000, 20000[",24,0.7496043568797053,214.48115505706414
236,"[18000, 20000[",25,0.6129641753046009,194.94915695681973
237,"[18000, 20000[",26,0.27778593680462843,95.51115719257541
238,"[18000, 20000[",27,0.21715113471752778,72.2878528
239,"[18000, 20000[",28,0.21837855724685637,76.36578947368422
240,"[18000, 20000[",29,0.19690889603429798,70.16083435582823
241,"[18000, 20000[",30,0.18190308370044053,69.40272934287573
242,"[18000, 20000[",31,0.14594606946983546,71.45586630286495
243,"[18000, 20000[",32,0.13297259958553995,72.38480712166172
244,"[18000, 20000[",33,0.1843485304327702,76.02930434782608
245,"[18000, 20000[",34,0.5736075817538012,206.09027305825245
246,"[18000, 20000[",35,1.1608673641579481,478.5579368763054
247,"[18000, 20000[",36,1.5722978723404255,623.0020774275439
248,"[18000, 20000[",37,1.3435949131513647,469.1979586926008
249,"[18000, 20000[",38,1.8213851057664445,521.2719341357406
250,"[18000, 20000[",39,1.8909009308510638,527.2115375066501
251,"[18000, 20000[",40,1.90673578966858,551.3233464257659
252,"[18000, 20000[",41,1.9915805471124621,555.4526854838709
253,"[18000, 20000[",42,1.7354390147000398,482.9251239144249
254,"[18000, 20000[",43,1.9970114942528734,576.4468
255,"[18000, 20000[",44,1.9609848047701481,549.6778962536024
256,"[18000, 20000[",45,1.6713369963369964,474.9071499567848
257,"[18000, 20000[",46,1.8723204104903077,510.0516795131845
258,"[18000, 20000[",47,1.9083565512048193,501.1731434302909
259,"[18000, 20000[",48,1.0424923780487805,375.8282102118414
260,"[18000, 20000[",49,1.8226057562294764,535.438876056919
261,"[18000, 20000[",50,1.8884914285714285,555.1450975266439
262,"[18000, 20000[",51,1.8750319087217175,578.6107174979559
263,"[18000, 20000[",52,0.6271799080761655,213.41441819464035
264,"[18000, 20000[",53,0.31648942985265854,119.80616204690831
265,"[20000, 22000[",1,0.8530640005441067,122.08108329809725
266,"[20000, 22000[",2,1.276010851871948,183.19429195231652
267,"[20000, 22000[",3,1.2929583619226463,198.82811553974932
268,"[20000, 22000[",4,1.0988204315977035,168.07265497869045
269,"[20000, 22000[",5,1.2433445165945167,175.40576814409323
270,"[20000, 22000[",6,1.2496339039782434,180.21429460934834
271,"[20000, 22000[",7,1.2457634628493524,271.229040221914
272,"[20000, 22000[",8,0.9639458593354697,268.4933541017653
273,"[20000, 22000[",9,1.2691740154830025,350.48792382039886
274,"[20000, 22000[",10,1.2523221679851877,344.9061418642682
275,"[20000, 22000[",11,1.1218536829797896,324.285749470449
276,"[20000, 22000[",12,0.654337181989612,304.5168401037165
277,"[20000, 22000[",13,1.0459275561411872,509.23817591169484
278,"[20000, 22000[",14,1.2931986288530035,557.057005527362
279,"[20000, 22000[",15,1.2005992397258223,509.0905104759162
280,"[20000, 22000[",16,0.7369547527643796,272.85442335093455
281,"[20000, 22000[",17,1.2475481299981153,483.2060368602929
282,"[20000, 22000[",18,1.2224195079610491,466.5649072724864
283,"[20000, 22000[",19,1.2136500027228667,440.77846632089904
284,"[20000, 22000[",20,1.1833255730162688,414.5824014786678
285,"[20000, 22000[",21,1.174887959535449,408.8781637834727
286,"[20000, 22000[",22,1.0068045467965752,351.8854992831541
287,"[20000, 22000[",23,1.0904672359757326,378.02280037095557
288,"[20000, 22000[",24,0.8803214481270332,282.72928648475886
289,"[20000, 22000[",25,0.4129776911002236,116.75272055544939
290,"[20000, 22000[",26,0.17688409608977732,58.9573045216088
291,"[20000, 22000[",27,0.16655253339752077,60.104187148876406
292,"[20000, 22000[",28,0.20147530433849947,71.75700108881631
293,"[20000, 22000[",29,0.1926714664645699,68.33413223140496
294,"[20000, 22000[",30,0.18365917521274275,67.22888143712575
295,"[20000, 22000[",31,0.17142533692722373,67.17844199424736
296,"[20000, 22000[",32,0.13450555296934227,55.61967568106976
297,"[20000, 22000[",33,0.17269267311239034,78.70766337153356
298,"[20000, 22000[",34,0.17129289537202225,77.89629214423158
299,"[20000, 22000[",35,0.20049105997091282,82.4229572821101
300,"[20000, 22000[",36,0.7146461011139674,292.10767847357147
301,"[20000, 22000[",37,1.1935412994947714,406.2334878811866
302,"[20000, 22000[",38,1.4395044120391352,495.06307674487874
303,"[20000, 22000[",39,1.3872490900997618,510.45999772128
304,"[20000, 22000[",40,1.3270481880763736,464.25656239932994
305,"[20000, 22000[",41,1.4005594661782022,483.19870366820044
306,"[20000, 22000[",42,1.276561866652809,439.33935775710495
307,"[20000, 22000[",43,1.3866481060700642,473.61983709692123
308,"[20000, 22000[",44,1.3859105648141166,465.60958862397615
309,"[20000, 22000[",45,1.263573302763979,414.53801421080396
310,"[20000, 22000[",46,1.3735650146351144,440.8309211506931
311,"[20000, 22000[",47,1.489562460367787,463.05464155776116
312,"[20000, 22000[",48,1.0168439750670155,373.6231395258454
313,"[20000, 22000[",49,1.417887622712249,486.08192438540954
314,"[20000, 22000[",50,1.443567885851108,488.7754407972883
315,"[20000, 22000[",51,1.2993575973005693,464.91301604701437
316,"[20000, 22000[",52,1.1457006792941093,452.1539979850558
317,"[20000, 22000[",53,0.1961133850039188,74.97452083333333
318,"[22000, 24000[",1,1.2518287373004353,167.98898461538462
319,"[22000, 24000[",2,1.8205222088835535,237.4371390552229
320,"[22000, 24000[",3,1.8981606905710493,249.0924776119403
321,"[22000, 24000[",4,1.6482046070460705,209.41999241849888
322,"[22000, 24000[",5,1.9942048838594402,260.57575
323,"[22000, 24000[",6,1.783694704049844,227.444561042524
324,"[22000, 24000[",7,1.9901778907242693,427.940336370007
325,"[22000, 24000[",8,0.3420506329113924,67.78946058091286
326,"[22000, 24000[",9,1.942510239906378,513.4457819597664
327,"[22000, 24000[",10,1.8652668213457075,505.221357234315
328,"[22000, 24000[",11,1.5558152793614595,393.04707253886016
329,"[22000, 24000[",12,1.435954157782516,624.5115750915752
330,"[22000, 24000[",13,1.5962180052956754,779.7458400864398
331,"[22000, 24000[",14,1.5294559929234852,720.4939608520438
332,"[22000, 24000[",15,1.399505518763797,691.9141097489784
333,"[22000, 24000[",16,1.5645450587723118,623.6109383675736
334,"[22000, 24000[",17,1.4669978586723769,654.7006936416185
335,"[22000, 24000[",18,1.5638709677419356,642.340293951385
336,"[22000, 24000[",19,1.5364485165794066,633.2608852084524
337,"[22000, 24000[",20,1.488655462184874,598.5199174528302
338,"[22000, 24000[",21,1.464747334260547,604.8146775165762
339,"[22000, 24000[",22,1.2915185007208074,532.435644012945
340,"[22000, 24000[",23,1.3065911151405258,525.2141387705417
341,"[22000, 24000[",24,1.2835533894550288,496.1865444126075
342,"[22000, 24000[",25,0.9483468208092486,299.7586782477341
343,"[22000, 24000[",26,0.3170221169036335,132.2728400954654
344,"[22000, 24000[",27,0.29849837662337664,125.67904214559387
345,"[22000, 24000[",28,0.28777860882572925,120.43596470588236
346,"[22000, 24000[",29,0.2741642441860465,110.63564102564102
347,"[22000, 24000[",30,0.2692632386799693,126.15453874538746
348,"[22000, 24000[",31,0.2558302308265078,119.69040000000001
349,"[22000, 24000[",32,0.2443925925925926,114.47901477832514
350,"[22000, 24000[",33,0.23657749803304484,105.14784634760706
351,"[22000, 24000[",34,0.24474315068493152,118.37117482517482
352,"[22000, 24000[",35,0.23739165329052972,118.24944517833553
353,"[22000, 24000[",36,0.2374242424242424,133.53592977893368
354,"[22000, 24000[",37,0.28810654685494225,121.30059665871121
355,"[22000, 24000[",38,1.383076923076923,415.0181659973226
356,"[22000, 24000[",39,1.4852673350041772,510.62779785431957
357,"[22000, 24000[",40,1.3986175496688742,480.27571509327305
358,"[22000, 24000[",41,1.3662500000000002,479.10701617401
359,"[22000, 24000[",42,1.2719121140142517,491.2920345385861
360,"[22000, 24000[",43,1.4289430577223088,545.1599794766547
361,"[22000, 24000[",44,1.3990809112333071,508.37375782881
362,"[22000, 24000[",45,1.4192003105590063,512.7952594099695
363,"[22000, 24000[",46,1.3933346693386772,456.2890870261612
364,"[22000, 24000[",47,1.528390582786569,505.15343640897754
365,"[22000, 24000[",48,0.9648733850129199,360.29596872875595
366,"[22000, 24000[",49,1.3688971450919045,523.9526916975145
367,"[22000, 24000[",50,1.4039707016191212,541.2718892839005
368,"[22000, 24000[",51,1.3782399368587215,528.3378007227672
369,"[22000, 24000[",52,1.08096794081381,427.7187806809184
370,"[22000, 24000[",53,0.2664864864864865,115.75635714285714
371,"[24000, 26000[",1,3.6288888888888886,283.28222222222223
372,"[24000, 26000[",2,2.7025,63.06333333333333
373,"[24000, 26000[",3,2.5833333333333335,125.73166666666667
374,"[24000, 26000[",4,2.1333333333333333,384.61400000000003
375,"[24000, 26000[",5,2.9507692307692306,143.93461538461537
376,"[24000, 26000[",6,2.4657142857142853,435.45285714285717
377,"[24000, 26000[",7,3.3752,193.86720000000003
378,"[24000, 26000[",8,2.38,23.81
379,"[24000, 26000[",9,3.0599999999999996,216.55476190476188
380,"[24000, 26000[",10,2.38,68.45375
381,"[24000, 26000[",11,3.050625,231.815
382,"[24000, 26000[",12,5.6429629629629625,1593.648201058201
383,"[24000, 26000[",13,7.425310880829016,3997.063419689119
384,"[24000, 26000[",14,6.51039024390244,4287.375951219512
385,"[24000, 26000[",15,4.960188679245283,2946.626172506739
386,"[24000, 26000[",16,3.2836339522546423,904.5698936170213
387,"[24000, 26000[",17,6.023363636363637,3105.0715102974827
388,"[24000, 26000[",18,6.100175438596491,3092.8020603015075
389,"[24000, 26000[",19,5.552659846547315,2335.896051948052
390,"[24000, 26000[",20,5.078608490566038,2404.0220567375886
391,"[24000, 26000[",21,4.917163814180929,2143.2336519607843
392,"[24000, 26000[",22,4.427260981912145,1869.3626683937823
393,"[24000, 26000[",23,4.170446808510638,1629.9697435897435
394,"[24000, 26000[",24,4.301441860465116,1892.1221728971964
395,"[24000, 26000[",25,4.156129032258065,1913.7871712158808
396,"[24000, 26000[",26,3.220948905109489,1102.0606204379562
397,"[24000, 26000[",27,1.0132022471910112,356.82910112359554
398,"[24000, 26000[",28,1.3197975708502026,560.4392276422765
399,"[24000, 26000[",29,1.5408979591836733,659.0688524590164
400,"[24000, 26000[",30,1.4839867109634552,552.3275415282392
401,"[24000, 26000[",31,1.4785034013605443,630.5144863013699
402,"[24000, 26000[",32,0.8210880829015544,563.4822279792746
403,"[24000, 26000[",33,0.7804739336492892,353.5228436018958
404,"[24000, 26000[",34,0.8506926406926406,350.9425974025974
405,"[24000, 26000[",35,3.214410256410256,1050.351435897436
406,"[24000, 26000[",36,3.377396449704142,1715.342426035503
407,"[24000, 26000[",37,3.248357142857143,1304.098267857143
408,"[24000, 26000[",38,3.10375572519084,1280.2200610687023
409,"[24000, 26000[",39,3.5721153846153846,1515.1317147435896
410,"[24000, 26000[",40,3.362473867595819,1235.318048780488
411,"[24000, 26000[",41,3.620941358024691,1393.4726080246915
412,"[24000, 26000[",42,3.3359354838709674,1159.2199029126214
413,"[24000, 26000[",43,3.7291035548686247,1385.465888717156
414,"[24000, 26000[",44,3.2162413314840497,1274.9668099861303
415,"[24000, 26000[",45,3.0972542901716067,1128.893712948518
416,"[24000, 26000[",46,3.053292682926829,1078.4084756097561
417,"[24000, 26000[",47,3.168377581120944,980.3996902654867
418,"[24000, 26000[",48,2.4431088082901553,912.8596545768567
419,"[24000, 26000[",49,3.755262237762238,1251.254527972028
420,"[24000, 26000[",50,3.9144283121597097,1411.7889636363636
421,"[24000, 26000[",51,3.733800350262697,1505.4298947368422
422,"[24000, 26000[",52,2.659453681710214,906.8787885985749
423,"[24000, 26000[",53,0.9538613861386139,202.45410891089108
424,"[32000, 34000[",5,2.2383898305084746,217.7795652173913
425,"[32000, 34000[",6,1.718108695652174,190.6333836858006
426,"[32000, 34000[",7,1.544822222222222,283.6993312101911
427,"[32000, 34000[",8,1.499672131147541,383.68647928994085
428,"[32000, 34000[",9,1.5290777576853527,327.4496296296296
429,"[32000, 34000[",10,1.4572275334608031,429.8066956521739
430,"[32000, 34000[",11,1.666690518783542,376.97274869109947
431,"[32000, 34000[",12,0.5848311688311688,258.0414234875445
432,"[32000, 34000[",13,0.5050542299349241,270.16371794871793
433,"[32000, 34000[",14,0.7185276073619632,450.345786163522
434,"[32000, 34000[",15,1.3192524916943522,835.8109677419355
435,"[32000, 34000[",16,1.4436377245508982,630.8734065934067
436,"[32000, 34000[",17,1.4448567119155356,603.7775641025642
437,"[32000, 34000[",18,1.4126,580.4252267818574
438,"[32000, 34000[",19,1.6545668135095448,622.23738
439,"[32000, 34000[",20,1.6860735294117646,650.0718738049712
440,"[32000, 34000[",21,1.6462938230383972,535.4207744874715
441,"[32000, 34000[",22,1.4069291338582677,491.8630672268908
442,"[32000, 34000[",23,1.4929260935143287,566.3974751491054
443,"[32000, 34000[",24,1.1989834024896264,356.58717791411044
444,"[32000, 34000[",25,0.47200000000000003,170.9253787878788
445,"[32000, 34000[",26,0.1364804469273743,94.73235294117647
446,"[32000, 34000[",27,0.12814102564102564,122.67859154929577
447,"[32000, 34000[",28,0.08228426395939087,49.09657894736842
448,"[32000, 34000[",29,0.08056701030927835,95.73348484848485
449,"[32000, 34000[",30,0.0567005076142132,77.29472727272727
450,"[32000, 34000[",31,0.05443243243243243,63.902444444444434
451,"[32000, 34000[",32,0.04683127572016461,74.40228070175439
452,"[32000, 34000[",33,0.045660377358490566,72.49402985074627
453,"[32000, 34000[",34,0.03611940298507463,54.21770833333333
454,"[32000, 34000[",35,0.03988505747126437,75.231875
455,"[32000, 34000[",36,0.13241610738255033,130.3714049586777
456,"[32000, 34000[",37,0.3820342205323194,162.0181640625
457,"[32000, 34000[",38,2.354359296482412,898.7705291005291
458,"[32000, 34000[",39,2.1969183922046285,923.2007978723404
459,"[32000, 34000[",40,2.1828004807692305,878.636268907563
460,"[32000, 34000[",41,2.2572888283378747,909.2950563909774
461,"[32000, 34000[",42,2.00354797979798,863.7159625212947
462,"[32000, 34000[",43,1.8899373040752352,724.8093584379359
463,"[32000, 34000[",44,1.8669821240799158,806.7576512968301
464,"[32000, 34000[",45,1.8275025484199796,766.4678367346938
465,"[32000, 34000[",46,1.9244630872483222,721.1385174418605
466,"[32000, 34000[",47,2.1158576051779936,848.2200431034483
467,"[32000, 34000[",48,1.3903666666666668,514.3911063829787
468,"[32000, 34000[",49,2.075655471289274,953.8978350515464
469,"[32000, 34000[",50,2.0822044728434506,949.0823033707865
470,"[32000, 34000[",51,1.9912328767123286,965.5408985507246
471,"[32000, 34000[",52,0.4328994082840236,186.5384429065744
472,"[32000, 34000[",53,0.3014364640883978,301.3560330578513
473,"[4000, 6000[",1,0.07526946107784431,17.550377358490564
474,"[4000, 6000[",2,1.3516216216216217,192.23712177121772
475,"[4000, 6000[",3,1.3234192037470727,177.95011131725417
476,"[4000, 6000[",4,1.3156643356643358,206.72383177570094
477,"[4000, 6000[",5,1.2657238307349665,180.5515905245347
478,"[4000, 6000[",6,1.2513388625592416,163.34003824091778
479,"[4000, 6000[",7,1.4398463356973994,336.83952127659575
480,"[4000, 6000[",8,1.238375314861461,326.61719123505975
481,"[4000, 6000[",9,1.3480021598272138,299.34897271268056
482,"[4000, 6000[",10,1.543187919463087,400.26961414791
483,"[4000, 6000[",11,1.1733529990167157,375.23290322580647
484,"[4000, 6000[",12,0.976111111111111,667.0937804878049
485,"[4000, 6000[",13,1.0975845790715972,644.4459447513811
486,"[4000, 6000[",14,0.44581308411214954,118.86014175257732
487,"[4000, 6000[",15,0.3782576557550158,115.05759036144579
488,"[4000, 6000[",16,1.3398697318007662,513.1317531831537
489,"[4000, 6000[",17,1.3503301886792451,490.93823992133724
490,"[4000, 6000[",18,1.2715905511811023,464.6897775530839
491,"[4000, 6000[",19,1.3436809815950919,470.7265016872891
492,"[4000, 6000[",20,1.3969039145907471,478.93551876379695
493,"[4000, 6000[",21,1.2991911764705881,443.2773317865429
494,"[4000, 6000[",22,0.8193564993564993,377.51063981042654
495,"[4000, 6000[",23,0.12028103044496487,47.700967741935486
496,"[4000, 6000[",24,0.02570552147239264,8.656749999999999
497,"[4000, 6000[",25,0.026138328530259367,7.2988
498,"[4000, 6000[",26,0.019015384615384615,8.810571428571428
499,"[4000, 6000[",27,0.023263157894736843,9.035857142857143
500,"[4000, 6000[",28,0.03827669902912621,10.645585585585586
501,"[4000, 6000[",29,0.04012048192771084,23.809607843137254
502,"[4000, 6000[",30,0.028053097345132744,11.658157894736842
503,"[4000, 6000[",31,0.02292134831460674,23.014615384615382
504,"[4000, 6000[",32,0.017319223985890652,19.71835294117647
505,"[4000, 6000[",33,0.03308885754583921,42.140454545454546
506,"[4000, 6000[",34,1.232589641434263,552.9592210526316
507,"[4000, 6000[",35,1.3864303178484108,380.3090784982935
508,"[4000, 6000[",36,1.3981283836040217,381.68886714727086
509,"[4000, 6000[",37,1.2230871369294605,364.75150112866817
510,"[4000, 6000[",38,1.2106533864541833,309.16648411829135
511,"[4000, 6000[",39,1.3298574821852733,337.39248087431696
512,"[4000, 6000[",40,1.4323506289308177,368.58612266112266
513,"[4000, 6000[",41,1.405459221160911,408.2040904522613
514,"[4000, 6000[",42,0.5255067567567568,155.44656346749224
515,"[4000, 6000[",43,0.5681095041322314,152.08053412462908
516,"[4000, 6000[",44,1.3523467741935484,357.6276195899772
517,"[4000, 6000[",45,1.3512490594431903,308.0758421052631
518,"[4000, 6000[",46,1.387819383259912,368.47413306451614
519,"[4000, 6000[",47,1.5829947722180733,390.5245854145854
520,"[4000, 6000[",48,1.1348832035595107,344.42286969253297
521,"[4000, 6000[",49,1.3378486334968465,330.63531220876047
522,"[4000, 6000[",50,1.3880894015861571,334.02133704735377
523,"[4000, 6000[",51,1.4712296983758701,445.00501937984495
524,"[4000, 6000[",52,0.2875566750629723,82.06940251572327
525,"[4000, 6000[",53,0.2618819188191882,92.66854054054055
526,"[6000, 8000[",1,0.15757840196345788,32.75628581925055
527,"[6000, 8000[",2,0.8627354883559263,115.18797950014041
528,"[6000, 8000[",3,0.8872831441422147,107.09002750687672
529,"[6000, 8000[",4,0.7223868401247178,93.77944622896057
530,"[6000, 8000[",5,0.9029273197357082,113.06731840463458
531,"[6000, 8000[",6,0.8188808457948377,111.01359359247228
532,"[6000, 8000[",7,0.8278006969953848,164.37354085603113
533,"[6000, 8000[",8,0.7607440843865818,200.91488898856247
534,"[6000, 8000[",9,0.866743389264693,217.92795071993513
535,"[6000, 8000[",10,0.8052015715749914,201.50520134228188
536,"[6000, 8000[",11,0.7724672048435923,208.37970391785467
537,"[6000, 8000[",12,0.4617075705492046,198.5664585730725
538,"[6000, 8000[",13,0.7338645072662858,276.8227289919421
539,"[6000, 8000[",14,0.6443123440481432,175.44395622345638
540,"[6000, 8000[",15,0.49936959401542896,168.77752517463486
541,"[6000, 8000[",16,0.79373557821304,222.01757115749527
542,"[6000, 8000[",17,0.7624947260973121,209.6274515705796
543,"[6000, 8000[",18,0.7230648708081364,195.64096653405102
544,"[6000, 8000[",19,0.7102706883217325,188.54391193363114
545,"[6000, 8000[",20,0.6520374293785312,172.09330682360428
546,"[6000, 8000[",21,0.44223439387837293,121.28830471901679
547,"[6000, 8000[",22,0.20367426231229654,61.09083401920439
548,"[6000, 8000[",23,0.06324468716609284,15.149794756812692
549,"[6000, 8000[",24,0.04304550155118925,14.080296644844518
550,"[6000, 8000[",25,0.04665788433671453,19.877649213531566
551,"[6000, 8000[",26,0.04711635098569772,23.58794604003481
552,"[6000, 8000[",27,0.042496154384002234,20.581774654597425
553,"[6000, 8000[",28,0.044714703265980434,23.893281045751635
554,"[6000, 8000[",29,0.043584076353133244,23.45997769350881
555,"[6000, 8000[",30,0.0394553822551777,21.70583114715001
556,"[6000, 8000[",31,0.03562674772036475,21.893817745803357
557,"[6000, 8000[",32,0.03373831775700935,21.33175701839303
558,"[6000, 8000[",33,0.03630679156908665,20.2684910013844
559,"[6000, 8000[",34,0.3129709345106696,94.276615280595
560,"[6000, 8000[",35,0.7443713789107764,242.29596142202232
561,"[6000, 8000[",36,0.8849744344049871,277.96642246248183
562,"[6000, 8000[",37,0.6840075586888582,195.08871506013892
563,"[6000, 8000[",38,0.7377682433375192,202.52583199097938
564,"[6000, 8000[",39,0.7686204704386522,209.0843331417074
565,"[6000, 8000[",40,0.829076343072573,227.51335711762627
566,"[6000, 8000[",41,0.8024757676192859,211.89667298911135
567,"[6000, 8000[",42,0.6477226598538074,188.1558435656195
568,"[6000, 8000[",43,0.704255362201538,200.3069807115961
569,"[6000, 8000[",44,0.7342960124691519,190.63478881574082
570,"[6000, 8000[",45,0.8165677076904087,204.41523852953557
571,"[6000, 8000[",46,0.8013734519883005,192.22747997751864
572,"[6000, 8000[",47,0.8206466798810704,192.996896719151
573,"[6000, 8000[",48,0.3885086806944556,115.49020382049173
574,"[6000, 8000[",49,0.7791694662187384,214.44689816757588
575,"[6000, 8000[",50,0.8110589968690527,218.83701925039114
576,"[6000, 8000[",51,0.7313040931866989,207.6302471441914
577,"[6000, 8000[",52,0.1278757126567845,46.58774422735346
578,"[6000, 8000[",53,0.08652228387327725,36.012419321257546
579,"[8000, 10000[",1,0.07229528665071273,13.471134088298045
580,"[8000, 10000[",2,1.038265780730897,147.61076923076922
581,"[8000, 10000[",3,1.0891679491797372,158.37952553215797
582,"[8000, 10000[",4,0.9487267409078094,138.90255872340424
583,"[8000, 10000[",5,1.0673246620760009,158.71129952988582
584,"[8000, 10000[",6,1.002090775510204,150.90361476551618
585,"[8000, 10000[",7,1.049067499763325,232.7953586544075
586,"[8000, 10000[",8,1.001623848763936,285.9002127256181
587,"[8000, 10000[",9,1.034984413304682,300.4824212632983
588,"[8000, 10000[",10,1.0825156085800829,307.5644075308467
589,"[8000, 10000[",11,1.0002810363214352,288.38783185185184
590,"[8000, 10000[",12,0.4902406343997812,198.94314823569866
591,"[8000, 10000[",13,0.5555372087034891,209.9554408050513
592,"[8000, 10000[",14,0.6366069275636222,209.72832541235672
593,"[8000, 10000[",15,0.4864417962003454,190.17913023314642
594,"[8000, 10000[",16,0.6887310898425439,207.57900614639598
595,"[8000, 10000[",17,0.6854341180067257,199.04803086397126
596,"[8000, 10000[",18,0.6559411654604442,187.86129894298048
597,"[8000, 10000[",19,0.621115392024658,174.1177647870587
598,"[8000, 10000[",20,0.5770472506034454,155.97990579107787
599,"[8000, 10000[",21,0.4995670351473923,140.53559127736597
600,"[8000, 10000[",22,0.233705035971223,74.62372172374573
601,"[8000, 10000[",23,0.1567321259345056,56.441248471882645
602,"[8000, 10000[",24,0.11111558914077806,45.29537644459551
603,"[8000, 10000[",25,0.10740174294453743,47.82206801388766
604,"[8000, 10000[",26,0.10290243043325115,52.119039985258894
605,"[8000, 10000[",27,0.07685092886270956,43.42408392056374
606,"[8000, 10000[",28,0.08371364395553764,37.14772563176896
607,"[8000, 10000[",29,0.0796146574733096,36.305487203350395
608,"[8000, 10000[",30,0.07276011717478573,37.62641402825134
609,"[8000, 10000[",31,0.06950171031806811,37.58949695121951
610,"[8000, 10000[",32,0.17077005556097086,75.7414021213249
611,"[8000, 10000[",33,0.38355785275324566,192.30008090045726
612,"[8000, 10000[",34,0.6654673003678506,273.3931814703102
613,"[8000, 10000[",35,0.8819005823276226,309.18566520644333
614,"[8000, 10000[",36,0.9273004876967412,310.81181448547153
615,"[8000, 10000[",37,0.7880628169014084,240.61789116569412
616,"[8000, 10000[",38,0.9060146446289763,262.5620710339384
617,"[8000, 10000[",39,0.9373220243289022,282.5272177706553
618,"[8000, 10000[",40,0.9305466414191748,268.20832932386156
619,"[8000, 10000[",41,0.9033109068751904,244.14715884892084
620,"[8000, 10000[",42,0.7565692034062735,219.3708104699803
621,"[8000, 10000[",43,0.849725861933146,228.69836312380036
622,"[8000, 10000[",44,0.9264211869814933,243.38108227370375
623,"[8000, 10000[",45,0.895371375678583,235.4125862851953
624,"[8000, 10000[",46,0.958618368962787,240.14428994744492
625,"[8000, 10000[",47,1.0142652205207119,245.87511706621166
626,"[8000, 10000[",48,0.5646147610091445,172.75691977183496
627,"[8000, 10000[",49,0.9433956231876874,257.08309989384884
628,"[8000, 10000[",50,0.9688565447604974,264.64970250262417
629,"[8000, 10000[",51,0.9072185089974294,261.8889059351793
630,"[8000, 10000[",52,0.27661348406801295,90.23267289234761
631,"[8000, 10000[",53,0.10699003160709945,46.003914033871446
